[{"model": "nagoyameshi.category", "pk": 1, "fields": {"name": "和食", "created_at": "2025-02-17T13:41:54Z", "updated_at": "2025-02-17T13:42:10.749Z"}},
 {"model": "nagoyameshi.category", "pk": 2, "fields": {"name": "洋食", "created_at": "2025-02-17T13:49:35Z", "updated_at": "2025-02-17T13:49:48.323Z"}},
 {"model": "nagoyameshi.category", "pk": 3, "fields": {"name": "中華", "created_at": "2025-02-17T13:49:48Z", "updated_at": "2025-02-17T13:49:55.505Z"}},
 {"model": "nagoyameshi.category", "pk": 4, "fields": {"name": "居酒屋", "created_at": "2025-02-17T13:49:56Z", "updated_at": "2025-02-17T13:50:01.264Z"}},
 {"model": "nagoyameshi.restaurant", "pk": 1, "fields": {"category": 1, "name": "大衆食堂和食や", "image": "Screenshot_from_2025-03-17_18-46-35_t8b1jw.png", "description": "和食屋さん", "start_at": "18:00:00", "end_at": "00:00:00", "cost": 1500, "post_code": "123-4567", "address": "test", "tel": "11111111111", "created_at": "2025-02-17T13:50:18Z", "updated_at": "2025-02-17T13:52:40.384Z", "capacity": 20}},
 {"model": "nagoyameshi.restaurant", "pk": 2, "fields": {"category": 1, "name": "大衆食堂2", "image": "Screenshot_from_2025-03-17_18-46-35_t8b1jw.png", "description": "和食屋さん2", "start_at": "18:00:00", "end_at": "00:00:00", "cost": 1500, "post_code": "123-4567", "address": "●●県▲▲市～", "tel": "11111111111", "created_at": "2025-02-17T13:50:18Z", "updated_at": "2025-02-17T13:52:40.384Z", "capacity": 20}},
 {"model": "nagoyameshi.restaurant", "pk": 3, "fields": {"category": 1, "name": "大衆食堂3", "image": "Screenshot_from_2025-03-17_18-46-35_t8b1jw.png", "description": "和食屋さん3", "start_at": "18:00:00", "end_at": "00:00:00", "cost": 1500, "post_code": "123-4567", "address": "●●県▲▲市～", "tel": "11111111111", "created_at": "2025-02-17T13:50:18Z", "updated_at": "2025-02-17T13:52:40.384Z", "capacity": 20}},
 {"model": "nagoyameshi.restaurant", "pk": 4, "fields": {"category": 1, "name": "大衆食堂4", "image": "Screenshot_from_2025-03-17_18-46-35_t8b1jw.png", "description": "和食屋さん4", "start_at": "18:00:00", "end_at": "00:00:00", "cost": 1500, "post_code": "123-4567", "address": "●●県▲▲市～", "tel": "11111111111", "created_at": "2025-02-17T13:50:18Z", "updated_at": "2025-02-17T13:52:40.384Z", "capacity": 20}},
 {"model": "nagoyameshi.restaurant", "pk": 5, "fields": {"category": 1, "name": "大衆食堂5", "image": "Screenshot_from_2025-03-17_18-46-35_t8b1jw.png", "description": "和食屋さん5", "start_at": "18:00:00", "end_at": "00:00:00", "cost": 1500, "post_code": "123-4567", "address": "●●県▲▲市～", "tel": "11111111111", "created_at": "2025-02-17T13:50:18Z", "updated_at": "2025-02-17T13:52:40.384Z", "capacity": 20}},
 {"model": "nagoyameshi.restaurant", "pk": 6, "fields": {"category": 1, "name": "大衆食堂6", "image": "Screenshot_from_2025-03-17_18-46-35_t8b1jw.png", "description": "和食屋さん6", "start_at": "18:00:00", "end_at": "00:00:00", "cost": 1500, "post_code": "123-4567", "address": "●●県▲▲市～", "tel": "11111111111", "created_at": "2025-02-17T13:50:18Z", "updated_at": "2025-02-17T13:52:40.384Z", "capacity": 20}},
 {"model": "nagoyameshi.restaurant", "pk": 7, "fields": {"category": 1, "name": "大衆食堂7", "image": "Screenshot_from_2025-03-17_18-46-35_t8b1jw.png", "description": "和食屋さん7", "start_at": "18:00:00", "end_at": "00:00:00", "cost": 1500, "post_code": "123-4567", "address": "●●県▲▲市～", "tel": "11111111111", "created_at": "2025-02-17T13:50:18Z", "updated_at": "2025-02-17T13:52:40.384Z", "capacity": 20}},
 {"model": "nagoyameshi.restaurant", "pk": 8, "fields": {"category": 1, "name": "大衆食堂8", "image": "Screenshot_from_2025-03-17_18-46-35_t8b1jw.png", "description": "和食屋さん8", "start_at": "18:00:00", "end_at": "00:00:00", "cost": 1500, "post_code": "123-4567", "address": "●●県▲▲市～", "tel": "11111111111", "created_at": "2025-02-17T13:50:18Z", "updated_at": "2025-02-17T13:52:40.384Z", "capacity": 20}},
 {"model": "nagoyameshi.restaurant", "pk": 9, "fields": {"category": 1, "name": "大衆食堂9", "image": "Screenshot_from_2025-03-17_18-46-35_t8b1jw.png", "description": "和食屋さん9", "start_at": "18:00:00", "end_at": "00:00:00", "cost": 1500, "post_code": "123-4567", "address": "●●県▲▲市～", "tel": "11111111111", "created_at": "2025-02-17T13:50:18Z", "updated_at": "2025-02-17T13:52:40.384Z", "capacity": 20}},
 {"model": "nagoyameshi.restaurant", "pk": 10, "fields": {"category": 1, "name": "大衆食堂10", "image": "Screenshot_from_2025-03-17_18-46-35_t8b1jw.png", "description": "和食屋さん2", "start_at": "18:00:00", "end_at": "00:00:00", "cost": 1500, "post_code": "123-4567", "address": "●●県▲▲市～", "tel": "11111111111", "created_at": "2025-02-17T13:50:18Z", "updated_at": "2025-02-17T13:52:40.384Z", "capacity": 20}},
 {"model": "nagoyameshi.restaurant", "pk": 11, "fields": {"category": 1, "name": "大衆食堂11", "image": "Screenshot_from_2025-03-17_18-46-35_t8b1jw.png", "description": "和食屋さん3", "start_at": "18:00:00", "end_at": "00:00:00", "cost": 1500, "post_code": "123-4567", "address": "●●県▲▲市～", "tel": "11111111111", "created_at": "2025-02-17T13:50:18Z", "updated_at": "2025-02-17T13:52:40.384Z", "capacity": 20}},
 {"model": "nagoyameshi.restaurant", "pk": 12, "fields": {"category": 1, "name": "大衆食堂12", "image": "Screenshot_from_2025-03-17_18-46-35_t8b1jw.png", "description": "和食屋さん4", "start_at": "18:00:00", "end_at": "00:00:00", "cost": 1500, "post_code": "123-4567", "address": "●●県▲▲市～", "tel": "11111111111", "created_at": "2025-02-17T13:50:18Z", "updated_at": "2025-02-17T13:52:40.384Z", "capacity": 20}},
 {"model": "nagoyameshi.restaurant", "pk": 13, "fields": {"category": 1, "name": "大衆食堂13", "image": "Screenshot_from_2025-03-17_18-46-35_t8b1jw.png", "description": "和食屋さん5", "start_at": "18:00:00", "end_at": "00:00:00", "cost": 1500, "post_code": "123-4567", "address": "●●県▲▲市～", "tel": "11111111111", "created_at": "2025-02-17T13:50:18Z", "updated_at": "2025-02-17T13:52:40.384Z", "capacity": 20}},
 {"model": "nagoyameshi.restaurant", "pk": 14, "fields": {"category": 1, "name": "大衆食堂14", "image": "Screenshot_from_2025-03-17_18-46-35_t8b1jw.png", "description": "和食屋さん6", "start_at": "18:00:00", "end_at": "00:00:00", "cost": 1500, "post_code": "123-4567", "address": "●●県▲▲市～", "tel": "11111111111", "created_at": "2025-02-17T13:50:18Z", "updated_at": "2025-02-17T13:52:40.384Z", "capacity": 20}},
 {"model": "nagoyameshi.restaurant", "pk": 15, "fields": {"category": 1, "name": "大衆食堂15", "image": "Screenshot_from_2025-03-17_18-46-35_t8b1jw.png", "description": "和食屋さん7", "start_at": "18:00:00", "end_at": "00:00:00", "cost": 1500, "post_code": "123-4567", "address": "●●県▲▲市～", "tel": "11111111111", "created_at": "2025-02-17T13:50:18Z", "updated_at": "2025-02-17T13:52:40.384Z", "capacity": 20}},
 {"model": "nagoyameshi.restaurant", "pk": 16, "fields": {"category": 1, "name": "大衆食堂16", "image": "Screenshot_from_2025-03-17_18-46-35_t8b1jw.png", "description": "和食屋さん8", "start_at": "18:00:00", "end_at": "00:00:00", "cost": 1500, "post_code": "123-4567", "address": "●●県▲▲市～", "tel": "11111111111", "created_at": "2025-02-17T13:50:18Z", "updated_at": "2025-02-17T13:52:40.384Z", "capacity": 20}},
 {"model": "nagoyameshi.restaurant", "pk": 17, "fields": {"category": 1, "name": "大衆食堂17", "image": "Screenshot_from_2025-03-17_18-46-35_t8b1jw.png", "description": "和食屋さん9", "start_at": "18:00:00", "end_at": "00:00:00", "cost": 1500, "post_code": "123-4567", "address": "●●県▲▲市～", "tel": "11111111111", "created_at": "2025-02-17T13:50:18Z", "updated_at": "2025-02-17T13:52:40.384Z", "capacity": 20}},
 {"model": "nagoyameshi.restaurant", "pk": 18, "fields": {"category": 1, "name": "大衆食堂18", "image": "Screenshot_from_2025-03-17_18-46-35_t8b1jw.png", "description": "和食屋さん2", "start_at": "18:00:00", "end_at": "00:00:00", "cost": 1500, "post_code": "123-4567", "address": "●●県▲▲市～", "tel": "11111111111", "created_at": "2025-02-17T13:50:18Z", "updated_at": "2025-02-17T13:52:40.384Z", "capacity": 20}},
 {"model": "nagoyameshi.restaurant", "pk": 19, "fields": {"category": 1, "name": "大衆食堂19", "image": "Screenshot_from_2025-03-17_18-46-35_t8b1jw.png", "description": "和食屋さん3", "start_at": "18:00:00", "end_at": "00:00:00", "cost": 1500, "post_code": "123-4567", "address": "●●県▲▲市～", "tel": "11111111111", "created_at": "2025-02-17T13:50:18Z", "updated_at": "2025-02-17T13:52:40.384Z", "capacity": 20}},
 {"model": "nagoyameshi.restaurant", "pk": 20, "fields": {"category": 1, "name": "大衆食堂20", "image": "Screenshot_from_2025-03-17_18-46-35_t8b1jw.png", "description": "和食屋さん4", "start_at": "18:00:00", "end_at": "00:00:00", "cost": 1500, "post_code": "123-4567", "address": "●●県▲▲市～", "tel": "11111111111", "created_at": "2025-02-17T13:50:18Z", "updated_at": "2025-02-17T13:52:40.384Z", "capacity": 20}},
 {"model": "nagoyameshi.restaurant", "pk": 21, "fields": {"category": 1, "name": "大衆食堂21", "image": "Screenshot_from_2025-03-17_18-46-35_t8b1jw.png", "description": "和食屋さん5", "start_at": "18:00:00", "end_at": "00:00:00", "cost": 1500, "post_code": "123-4567", "address": "●●県▲▲市～", "tel": "11111111111", "created_at": "2025-02-17T13:50:18Z", "updated_at": "2025-02-17T13:52:40.384Z", "capacity": 20}},
 {"model": "nagoyameshi.restaurant", "pk": 22, "fields": {"category": 1, "name": "大衆食堂22", "image": "Screenshot_from_2025-03-17_18-46-35_t8b1jw.png", "description": "和食屋さん6", "start_at": "18:00:00", "end_at": "00:00:00", "cost": 1500, "post_code": "123-4567", "address": "●●県▲▲市～", "tel": "11111111111", "created_at": "2025-02-17T13:50:18Z", "updated_at": "2025-02-17T13:52:40.384Z", "capacity": 20}},
 {"model": "nagoyameshi.restaurant", "pk": 23, "fields": {"category": 1, "name": "大衆食堂23", "image": "Screenshot_from_2025-03-17_18-46-35_t8b1jw.png", "description": "和食屋さん7", "start_at": "18:00:00", "end_at": "00:00:00", "cost": 1500, "post_code": "123-4567", "address": "●●県▲▲市～", "tel": "11111111111", "created_at": "2025-02-17T13:50:18Z", "updated_at": "2025-02-17T13:52:40.384Z", "capacity": 20}},
 {"model": "nagoyameshi.restaurant", "pk": 24, "fields": {"category": 1, "name": "大衆食堂24", "image": "Screenshot_from_2025-03-17_18-46-35_t8b1jw.png", "description": "和食屋さん8", "start_at": "18:00:00", "end_at": "00:00:00", "cost": 1500, "post_code": "123-4567", "address": "●●県▲▲市～", "tel": "11111111111", "created_at": "2025-02-17T13:50:18Z", "updated_at": "2025-02-17T13:52:40.384Z", "capacity": 20}},
 {"model": "nagoyameshi.restaurant", "pk": 25, "fields": {"category": 1, "name": "大衆食堂25", "image": "Screenshot_from_2025-03-17_18-46-35_t8b1jw.png", "description": "和食屋さん9", "start_at": "18:00:00", "end_at": "00:00:00", "cost": 1500, "post_code": "123-4567", "address": "●●県▲▲市～", "tel": "11111111111", "created_at": "2025-02-17T13:50:18Z", "updated_at": "2025-02-17T13:52:40.384Z", "capacity": 20}},
 {"model": "nagoyameshi.restaurant", "pk": 26, "fields": {"category": 1, "name": "大衆食堂26", "image": "Screenshot_from_2025-03-17_18-46-35_t8b1jw.png", "description": "和食屋さん2", "start_at": "18:00:00", "end_at": "00:00:00", "cost": 1500, "post_code": "123-4567", "address": "●●県▲▲市～", "tel": "11111111111", "created_at": "2025-02-17T13:50:18Z", "updated_at": "2025-02-17T13:52:40.384Z", "capacity": 20}},
 {"model": "nagoyameshi.restaurant", "pk": 27, "fields": {"category": 1, "name": "大衆食堂27", "image": "Screenshot_from_2025-03-17_18-46-35_t8b1jw.png", "description": "和食屋さん3", "start_at": "18:00:00", "end_at": "00:00:00", "cost": 1500, "post_code": "123-4567", "address": "●●県▲▲市～", "tel": "11111111111", "created_at": "2025-02-17T13:50:18Z", "updated_at": "2025-02-17T13:52:40.384Z", "capacity": 20}},
 {"model": "nagoyameshi.restaurant", "pk": 28, "fields": {"category": 1, "name": "大衆食堂28", "image": "Screenshot_from_2025-03-17_18-46-35_t8b1jw.png", "description": "和食屋さん4", "start_at": "18:00:00", "end_at": "00:00:00", "cost": 1500, "post_code": "123-4567", "address": "●●県▲▲市～", "tel": "11111111111", "created_at": "2025-02-17T13:50:18Z", "updated_at": "2025-02-17T13:52:40.384Z", "capacity": 20}},
 {"model": "nagoyameshi.restaurant", "pk": 29, "fields": {"category": 1, "name": "大衆食堂29", "image": "Screenshot_from_2025-03-17_18-46-35_t8b1jw.png", "description": "和食屋さん5", "start_at": "18:00:00", "end_at": "00:00:00", "cost": 1500, "post_code": "123-4567", "address": "●●県▲▲市～", "tel": "11111111111", "created_at": "2025-02-17T13:50:18Z", "updated_at": "2025-02-17T13:52:40.384Z", "capacity": 20}},
 {"model": "nagoyameshi.restaurant", "pk": 30, "fields": {"category": 1, "name": "大衆食堂30", "image": "Screenshot_from_2025-03-17_18-46-35_t8b1jw.png", "description": "和食屋さん6", "start_at": "18:00:00", "end_at": "00:00:00", "cost": 1500, "post_code": "123-4567", "address": "●●県▲▲市～", "tel": "11111111111", "created_at": "2025-02-17T13:50:18Z", "updated_at": "2025-02-17T13:52:40.384Z", "capacity": 20}},
 {"model": "nagoyameshi.restaurant", "pk": 31, "fields": {"category": 1, "name": "大衆食堂31", "image": "Screenshot_from_2025-03-17_18-46-35_t8b1jw.png", "description": "和食屋さん7", "start_at": "18:00:00", "end_at": "00:00:00", "cost": 1500, "post_code": "123-4567", "address": "●●県▲▲市～", "tel": "11111111111", "created_at": "2025-02-17T13:50:18Z", "updated_at": "2025-02-17T13:52:40.384Z", "capacity": 20}},
 {"model": "nagoyameshi.restaurant", "pk": 32, "fields": {"category": 1, "name": "大衆食堂32", "image": "Screenshot_from_2025-03-17_18-46-35_t8b1jw.png", "description": "和食屋さん8", "start_at": "18:00:00", "end_at": "00:00:00", "cost": 1500, "post_code": "123-4567", "address": "●●県▲▲市～", "tel": "11111111111", "created_at": "2025-02-17T13:50:18Z", "updated_at": "2025-02-17T13:52:40.384Z", "capacity": 20}},
 {"model": "nagoyameshi.restaurant", "pk": 33, "fields": {"category": 1, "name": "大衆食堂33", "image": "Screenshot_from_2025-03-17_18-46-35_t8b1jw.png", "description": "和食屋さん9", "start_at": "18:00:00", "end_at": "00:00:00", "cost": 1500, "post_code": "123-4567", "address": "●●県▲▲市～", "tel": "11111111111", "created_at": "2025-02-17T13:50:18Z", "updated_at": "2025-02-17T13:52:40.384Z", "capacity": 20}},
 {"model": "nagoyameshi.review", "pk": 1, "fields": {"restaurant": 1, "user": 1, "content": "おいしいです。", "created_at": "2025-02-22T09:40:09Z", "updated_at": "2025-02-22T09:40:27.414Z"}},
 {"model": "nagoyameshi.review", "pk": 2, "fields": {"restaurant": 1, "user": 1, "content": "aaaaaaa", "created_at": "2025-02-27T08:44:07.731Z", "updated_at": "2025-02-27T08:44:07.748Z"}},
 {"model": "nagoyameshi.review", "pk": 3, "fields": {"restaurant": 1, "user": 1, "content": "bbbbbbb", "created_at": "2025-02-27T08:50:36.509Z", "updated_at": "2025-02-27T08:50:36.520Z"}},
 {"model": "nagoyameshi.review", "pk": 4, "fields": {"restaurant": 5, "user": 1, "content": "ccccc", "created_at": "2025-02-27T08:50:49.811Z", "updated_at": "2025-02-27T08:50:49.827Z"}},
 {"model": "nagoyameshi.review", "pk": 5, "fields": {"restaurant": 1, "user": 1, "content": "cccccccc", "created_at": "2025-02-27T08:56:59.134Z", "updated_at": "2025-02-27T08:56:59.194Z"}},
 {"model": "nagoyameshi.review", "pk": 6, "fields": {"restaurant": 1, "user": 3, "content": "あｓだｓだｄasdadasdaasasdasda1231312", "created_at": "2025-03-13T09:00:00Z", "updated_at": "2025-03-13T09:27:10.863Z"}},
 {"model": "nagoyameshi.favorite", "pk": 25, "fields": {"user": 1, "restaurant": 3, "created_at": "2025-02-28T05:06:01.363Z", "updated_at": "2025-02-28T05:06:01.378Z"}},
 {"model": "nagoyameshi.favorite", "pk": 26, "fields": {"user": 1, "restaurant": 8, "created_at": "2025-02-28T13:22:07.297Z", "updated_at": "2025-02-28T13:22:07.311Z"}},
 {"model": "nagoyameshi.favorite", "pk": 27, "fields": {"user": 1, "restaurant": 1, "created_at": "2025-03-03T23:10:24.002Z", "updated_at": "2025-03-03T23:10:24.065Z"}},
 {"model": "nagoyameshi.favorite", "pk": 30, "fields": {"user": 3, "restaurant": 1, "created_at": "2025-03-13T09:36:22.614Z", "updated_at": "2025-03-13T09:36:22.617Z"}},
 {"model": "nagoyameshi.reservation", "pk": 1, "fields": {"user": 1, "restaurant": 3, "datetime": "2025-02-28T05:30:00Z", "headcount": 5, "created_at": "2025-02-28T05:30:45.262Z", "updated_at": "2025-02-28T05:30:45.493Z"}},
 {"model": "nagoyameshi.reservation", "pk": 2, "fields": {"user": 1, "restaurant": 3, "datetime": "2025-02-28T05:32:00Z", "headcount": 4, "created_at": "2025-02-28T05:32:28.554Z", "updated_at": "2025-02-28T05:32:28.748Z"}},
 {"model": "nagoyameshi.reservation", "pk": 3, "fields": {"user": 1, "restaurant": 1, "datetime": "2025-02-28T05:33:00Z", "headcount": 2, "created_at": "2025-02-28T05:33:52.904Z", "updated_at": "2025-02-28T05:33:53.112Z"}},
 {"model": "nagoyameshi.reservation", "pk": 5, "fields": {"user": 3, "restaurant": 1, "datetime": "2025-03-11T10:00:00Z", "headcount": 10, "created_at": "2025-03-13T09:56:53.730Z", "updated_at": "2025-03-13T09:56:53.736Z"}},
 {"model": "nagoyameshi.reservation", "pk": 6, "fields": {"user": 3, "restaurant": 1, "datetime": "2025-03-11T10:00:00Z", "headcount": 10, "created_at": "2025-03-13T09:58:00.128Z", "updated_at": "2025-03-13T09:58:00.132Z"}},
 {"model": "nagoyameshi.reservation", "pk": 7, "fields": {"user": 3, "restaurant": 1, "datetime": "2025-03-20T06:00:00Z", "headcount": 10, "created_at": "2025-03-13T09:58:29.638Z", "updated_at": "2025-03-13T09:58:29.641Z"}},
 {"model": "nagoyameshi.reservation", "pk": 8, "fields": {"user": 3, "restaurant": 1, "datetime": "2025-03-20T06:00:00Z", "headcount": 10, "created_at": "2025-03-13T09:58:51.661Z", "updated_at": "2025-03-13T09:58:51.665Z"}},
 {"model": "nagoyameshi.reservation", "pk": 9, "fields": {"user": 3, "restaurant": 1, "datetime": "2025-03-16T11:00:00Z", "headcount": 2, "created_at": "2025-03-15T09:16:27.370Z", "updated_at": "2025-03-15T09:16:27.374Z"}},
 {"model": "nagoyameshi.reservation", "pk": 10, "fields": {"user": 3, "restaurant": 1, "datetime": "2027-03-25T11:00:00Z", "headcount": 10, "created_at": "2025-03-15T09:36:33.134Z", "updated_at": "2025-03-15T09:36:33.139Z"}},
 {"model": "nagoyameshi.reservation", "pk": 11, "fields": {"user": 3, "restaurant": 1, "datetime": "2027-03-25T11:00:00Z", "headcount": 10, "created_at": "2025-03-15T09:38:58.596Z", "updated_at": "2025-03-15T09:38:58.605Z"}},
 {"model": "nagoyameshi.reservation", "pk": 12, "fields": {"user": 3, "restaurant": 1, "datetime": "2027-03-25T11:00:00Z", "headcount": 1, "created_at": "2025-03-15T09:40:05.316Z", "updated_at": "2025-03-15T09:40:05.321Z"}},
 {"model": "nagoyameshi.reservation", "pk": 13, "fields": {"user": 3, "restaurant": 1, "datetime": "2027-03-25T10:30:00Z", "headcount": 1, "created_at": "2025-03-15T09:40:36.486Z", "updated_at": "2025-03-15T09:40:36.491Z"}},
 {"model": "nagoyameshi.premiumuser", "pk": 1, "fields": {"user": 1, "premium_code": "cus_RrQCmjdH4fJdlS"}}]
